
INSERT INTO `user` (`id`, `username`, `password`, `email`) VALUES (1,'girish','girish','girish.bapat@gmail.com'),(2,'onkar','onkar','onkarkundalkar@gmail.com'),(3,'asawari','asawari','asawarigbapat@gmail.com'),(4,'manasee','manasee','manasee.kundalkar@gmail.com'),(5,'narasinh','narasinh','narasinh.bapat@gmail.com');

INSERT INTO `idol` (`id`, `name`, `type`, `specs`, `size`, `cost`, `price`, `quantity`, `reparable_qty`, `damaged_qty`, `comments`) VALUES (1,'20 no Dagdusheth','Shendrari','4 in X 5 in X 6 in','MEDIUM',233.00,1061.00,48,1,1,'molestie tortor nibh sit'),(2,'16 no Shivrekar','Shendrari','5 in X 6 in X 10 in','BIG',271.00,1641.00,29,7,2,'sed orci lobortis augue'),(3,'0 no Mahysuri','Kamlatla','16 in X 12 in X 18 in','SMALL',389.00,1497.00,27,6,1,'urna. Nunc quis arcu'),(4,'0 no Mysori','Maysuri','5 in X 6 in X 10 in','SMALL',301.00,1138.00,50,0,0,'0 no Mysori'),(5,'14 no Philips','Velvet','12 in X 14 in X 15 in','LARGE',404.00,2000.00,41,8,1,'et tristique pellentesque, tellus'),(6,'4 hat suta Nakshi Sinhasan','Kamlatla','4 in X 5 in X 6 in','MEDIUM',121.00,1125.00,45,7,1,'Vivamus nibh dolor, nonummy'),(7,'4 hat suta Kamal','Maysuri','4 in X 5 in X 6 in','MEDIUM',292.00,1657.00,43,6,2,'Ut tincidunt vehicula risus.'),(8,'12 no nakshi sinhasan','Ek pay sodlela','12 in X 14 in X 15 in','LARGE',406.00,1683.00,49,7,3,'enim. Nunc ut erat.'),(9,'0 no Mahysuri','Velvet','20 in X 14 in X 18 in','SMALL',115.00,980.00,46,10,1,'Class aptent taciti sociosqu'),(10,'8 no shivrekar','Peshwai','16 in X 12 in X 18 in','LARGE',240.00,2100.00,46,4,3,'amet, risus. Donec nibh'),(11,'20 no Chowrang','Maysuri','6 in X 8 in X 10 in','MEDIUM',351.00,1751.00,40,1,2,'condimentum eget, volutpat ornare,'),(13,'12 no chowrang','Chowrang','20 in X 14 in X 18 in','LARGE',110.00,1979.00,42,1,2,'in aliquet lobortis, nisi'),(14,'8 no shivrekar','Bal Ganesh','6 in X 8 in X 10 in','LARGE',491.00,1476.00,40,10,2,'nunc id enim. Curabitur'),(15,'14 no Philips','Maysuri','12 in X 14 in X 15 in','LARGE',276.00,941.00,22,6,2,'a, auctor non, feugiat'),(16,'20 no Dagdusheth','Velvet','12 in X 14 in X 15 in','MEDIUM',214.00,1153.00,26,9,3,'tincidunt pede ac urna.'),(17,'16 no Chowrang','Kamlatla','16 in X 12 in X 18 in','BIG',177.00,1096.00,25,6,4,'in, cursus et, eros.'),(18,'20 no Chowrang','Nakshi sinhasan','6 in X 8 in X 10 in','MEDIUM',116.00,1712.00,32,2,4,'vel nisl. Quisque fringilla'),(19,'4 hat suta Nakshi Sinhasan','Peshwai','16 in X 12 in X 18 in','MEDIUM',396.00,1765.00,26,5,5,'eget, ipsum. Donec sollicitudin'),(20,'16 no Shivrekar','Nakshi sinhasan','20 in X 14 in X 18 in','BIG',373.00,725.00,31,9,2,'pede, malesuada vel, venenatis'),(21,'14 no Chowrang','Kamlatla','20 in X 14 in X 18 in','LARGE',131.00,1092.00,20,9,5,'ante, iaculis nec, eleifend'),(22,'16 no Nakshi Sinhasan','Velvet','12 in X 14 in X 15 in','BIG',350.00,1800.00,40,4,5,'tincidunt adipiscing. Mauris molestie'),(23,'20 no Dagdusheth','Velvet','5 in X 6 in X 10 in','MEDIUM',425.00,705.00,27,5,3,'volutpat nunc sit amet'),(24,'0 no Shivrekar','Asanmandi','5 in X 6 in X 10 in','SMALL',396.00,1260.00,28,1,4,'Nam porttitor scelerisque neque.'),(25,'10 no shivrekar','Peshwai','5 in X 6 in X 10 in','LARGE',143.00,525.00,28,3,3,'eu augue porttitor interdum.'),(26,'12 no nakshi sinhasan','Asanmandi','6 in X 8 in X 10 in','LARGE',245.00,1363.00,23,3,2,'Quisque fringilla euismod enim.'),(27,'0 no Mahysuri','Chandani','6 in X 8 in X 10 in','SMALL',317.00,1643.00,40,3,4,'malesuada malesuada. Integer id'),(28,'12 no shivrekar','Kamlatla','16 in X 12 in X 18 in','LARGE',158.00,1550.00,43,5,4,'ac tellus. Suspendisse sed'),(29,'20 no Dagdusheth','Chandani','16 in X 12 in X 18 in','MEDIUM',338.00,1496.00,45,9,2,'ullamcorper magna. Sed eu'),(31,'0 no Philips','Philips','5 in x 4 in x 6 in','SMALL',200.00,455.00,10,0,0,'new entry added');

INSERT INTO `customer` (`id`, `name`, `primary_mobile`, `secondary_mobile`, `landline`, `address`, `info`, `comments`) VALUES (1,'Swara Bapat','9426182463','9200193219','2011834650','843-4514 Ante. Street','tristique pellentesque,','vel lectus. Cum'),(2,'Anagha Kundalkar','9027985522','9344710383','2098529988','P.O. Box 241, 9050 Non St.','Cras interdum.','nunc sed pede.'),(3,'Ayu Ghanekar','9434009250','9680197904','2082874217','P.O. Box 656, 5197 Quis St.','sapien. Nunc','molestie in, tempus'),(4,'Swara Kale','9510074262','9503535474','2007651383','7368 Accumsan St.','euismod urna.','ultricies sem magna'),(5,'Anagha Bapat','9050082697','9943810218','2009350510','Ap #618-8035 Donec Avenue','gravida molestie','Nunc ullamcorper, velit'),(6,'Ayu Godbole','9685686298','9079795712','2030374819','458-4866 Ut, Avenue','turpis non','mus. Proin vel'),(7,'Swaru Damle','9974056723','9845827751','2020230573','438-2760 Parturient Ave','a nunc.','arcu. Vestibulum ut'),(8,'Ana Kale','9643445371','9497516701','2041531363','751-8579 Eu Street','semper. Nam','quam a felis'),(9,'Helen Nash','9133767166','9781347059','2017071979','5636 Dolor Rd.','Suspendisse non','mollis vitae, posuere'),(10,'Xenos Norris','9741940982','9438897796','2068092761','3507 Ac St.','est arcu','malesuada fames ac'),(11,'Aaron Bradford','9414074724','9524229080','2098371757','2425 Nisi Rd.','erat semper','Integer vulputate, risus'),(12,'MacKensie Farrell','9592984989','9900708696','2012533214','841-560 In Rd.','cursus non,','eu, odio. Phasellus'),(13,'Colt Sullivan','9251204356','9948371842','2019172550','230-1673 Massa. Street','justo. Proin','neque non quam.'),(14,'Josephine Harper','9423827443','9892231610','2051222999','932-302 Eget Ave','ante. Maecenas','vel nisl. Quisque'),(15,'Quin Bennett','9584142504','9236597943','2064871495','8731 Justo. St.','Sed neque.','ornare. In faucibus.'),(16,'Sylvester Gordon','9141622691','9643360864','2008074081','P.O. Box 949, 6389 Metus. Ave','commodo ipsum.','velit. Cras lorem'),(17,'Xenos Rosa','9179672082','9859214363','2012901242','7602 Adipiscing Rd.','mollis dui,','Duis dignissim tempor'),(18,'Adam Cash','9224816002','9276397124','2096526331','4775 Ante Road','Vivamus sit','urna. Nullam lobortis'),(19,'Shana Murphy','9650231866','9975710817','2028043988','4362 Montes, Road','a, malesuada','ligula elit, pretium'),(20,'Fallon Carroll','9869815376','9756320978','2079663343','P.O. Box 762, 2224 Pharetra. Rd.','vel, venenatis','enim consequat purus.'),(21,'Xenos Mcintosh','9942486710','9439628278','2075496752','8125 Vivamus Avenue','eget tincidunt','ridiculus mus. Proin'),(22,'Wallace Alford','9839181625','9447005895','2063575467','482-1284 Luctus, Ave','congue a,','pharetra. Quisque ac'),(23,'Quincy Hubbard','9260551822','9716213407','2011902420','4871 Fringilla. Road','in felis.','arcu. Vestibulum ante'),(24,'Alden Atkins','9012554711','9357681524','2039501353','3328 Vulputate Rd.','magna. Phasellus','ipsum non arcu.'),(25,'Patrick Bryan','9203624515','9819644043','2095696111','141-4139 Lacus Rd.','eget massa.','tempor bibendum. Donec'),(26,'Erich Hardy','9915821391','9476367806','2073230072','P.O. Box 563, 4292 Id Street','interdum. Sed','Fusce feugiat. Lorem'),(27,'Rajah Hebert','9199138048','9491881521','2045198710','P.O. Box 192, 7235 Rhoncus. Av.','nibh dolor,','pede. Cum sociis'),(28,'Mufutau Velasquez','9303492885','9110392060','2069344195','P.O. Box 684, 8188 Ac St.','Aliquam ultrices','enim commodo hendrerit.'),(29,'Davis Curtis','9119706705','9982614470','2056299064','Ap #398-9473 Est. Avenue','erat neque','mi lacinia mattis.'),(30,'Kuame Cash','9499004141','9918179451','2008976242','868-2259 Euismod Rd.','eu, ultrices','sociosqu ad litora'),(31,'Mallory Gordon','9288232150','9285801863','2096534747','P.O. Box 287, 7066 Sit Road','et tristique','et magnis dis'),(32,'Quintessa Perry','9070708498','9048075580','2016814477','P.O. Box 723, 1152 Nec, Rd.','Nullam nisl.','in faucibus orci'),(33,'Keefe Christian','9723174688','9669066208','2092015054','3819 Et Ave','ac, fermentum','Suspendisse eleifend. Cras'),(34,'Keane Gay','9004719930','9854585743','2019371147','923-7952 Phasellus Ave','rutrum non,','feugiat metus sit'),(35,'Maisie Cash','9269822011','9559839429','2085924450','271-6046 Tincidunt, St.','vitae, orci.','suscipit nonummy. Fusce'),(36,'Melodie Moore','9938989222','9635093304','2045896498','P.O. Box 358, 4436 Eu Av.','dictum placerat,','ipsum. Curabitur consequat,'),(37,'Ishmael Smith','9124623952','9026157070','2001230580','Ap #735-1743 Pede. St.','ligula. Aliquam','quam. Pellentesque habitant'),(38,'Jordan Page','9971080657','9658655955','2080674009','711-4179 Nam Rd.','feugiat metus','ut, nulla. Cras'),(39,'Garth Preston','9855648453','9497628419','2056897927','Ap #250-8974 Et, Avenue','vitae aliquam','massa. Integer vitae'),(40,'Sawyer Fitzgerald','9405155860','9620683998','2008355272','396-7521 Est Street','leo, in','ligula. Nullam feugiat'),(41,'Iola Greer','9707718475','9278069017','2010858124','Ap #449-2620 Nunc Av.','consectetuer rhoncus.','massa. Integer vitae'),(42,'Shelby Carrillo','9663233557','9981563800','2059869587','Ap #471-9660 Magna. Rd.','at augue','suscipit, est ac'),(43,'Giselle Graham','9617076853','9340667649','2065545709','Ap #423-160 Nec Road','lorem ut','mi felis, adipiscing'),(44,'Keely Dorsey','9026959236','9529121843','2032922516','9185 Sed Rd.','massa lobortis','Duis risus odio,'),(45,'Kirby Workman','9440974696','9785745662','2064967162','312-3218 Nullam Rd.','risus quis','vel quam dignissim'),(46,'Abraham Bird','9867869743','9843133725','2025117075','P.O. Box 219, 2494 Nec, Av.','diam lorem,','nunc risus varius'),(47,'Bruno Mcfarland','9168941809','9782391862','2087399519','Ap #174-9147 Velit St.','Etiam laoreet,','vel arcu eu'),(48,'Declan Cote','9901325307','9171589496','2086591771','7165 Vel Ave','ultricies adipiscing,','ut erat. Sed'),(49,'Libby Buckner','9369445491','9429961046','2081204988','P.O. Box 428, 2348 A Street','velit eget','risus, at fringilla'),(50,'Jerome Donovan','9734856816','9399061077','2067727118','Ap #618-8550 Eu Av.','aliquet. Proin','pede, ultrices a,'),(51,'Addison Guerrero','9926807984','9040890838','2092488288','P.O. Box 417, 223 Commodo St.','odio. Nam','et, rutrum non,'),(52,'Paki Schneider','9911123978','9679154916','2052666610','8598 Molestie Avenue','sit amet','vitae, posuere at,'),(53,'Chloe Ashley','9458365436','9890411174','2067924897','963-1492 Mauris Street','est ac','lacinia orci, consectetuer'),(54,'Fritz Guzman','9089325632','9050943528','2088667675','703-5782 Venenatis Ave','aliquam arcu.','cursus luctus, ipsum'),(55,'Chava Davis','9171634132','9119954656','2086252845','Ap #280-749 Sapien Avenue','feugiat placerat','In scelerisque scelerisque'),(56,'Maite Torres','9796583760','9102132049','2008414304','7656 Donec Ave','tortor at','dolor quam, elementum'),(57,'Vielka Peters','9174558290','9911520026','2060427830','3241 Rutrum. Avenue','ac metus','gravida sagittis. Duis'),(58,'Lawrence Underwood','9940312968','9015056987','2048859376','3600 Donec St.','eu tempor','magna et ipsum'),(59,'Hanna Fields','9060312408','9234334912','2031453143','940-2637 Vulputate, Avenue','mauris, aliquam','elit. Aliquam auctor,'),(60,'Hayden Kelley','9133950312','9436105673','2069567241','Ap #989-2946 Suspendisse St.','sem. Pellentesque','mollis lectus pede'),(61,'Indira Becker','9458488933','9433949279','2058172836','463-2276 At Av.','tempus risus.','aliquet, metus urna'),(62,'Ila Holmes','9849586696','9088257957','2058680579','P.O. Box 874, 6486 Justo. Street','amet, consectetuer','magna tellus faucibus'),(63,'Declan Welch','9972329997','9752036119','2093666067','688-7237 Imperdiet, Rd.','pede. Nunc','a, enim. Suspendisse'),(64,'Ralph Donaldson','9247345142','9635348141','2012655566','P.O. Box 544, 322 Proin Avenue','Suspendisse tristique','sem eget massa.'),(65,'Tad Maynard','9544791510','9683955276','2030630083','Ap #855-3940 Quam Street','massa non','quis turpis vitae'),(66,'Brendan Christensen','9781016930','9641935266','2041138135','7839 Amet, Avenue','Nunc mauris','Vivamus molestie dapibus'),(67,'Adrienne Fox','9978343915','9889186916','2008906303','935-1839 Diam. Street','sit amet','libero dui nec'),(68,'Victoria Hood','9117683717','9675875680','2086415673','Ap #176-5841 Neque Road','sit amet,','tellus faucibus leo,'),(69,'Calista Foster','9615082440','9189420967','2099491401','Ap #270-9351 Eget St.','sagittis augue,','et, magna. Praesent'),(70,'Rowan Eaton','9211158048','9133347549','2008126288','P.O. Box 893, 2680 In, Avenue','dolor sit','vel arcu. Curabitur'),(71,'Raven Snyder','9880138571','9169340111','2046331070','Ap #414-900 Duis Rd.','purus ac','sem ut cursus'),(72,'Kaitlin Jacobson','9660779224','9429472405','2034707648','P.O. Box 469, 3170 Placerat. St.','habitant morbi','Curabitur sed tortor.'),(73,'Henry Boone','9364287088','9164195773','2021745320','2370 Quisque Ave','odio tristique','Cras eu tellus'),(74,'Marsden Abbott','9419351014','9666959125','2007632384','P.O. Box 785, 6346 Ut Road','dolor. Fusce','rutrum non, hendrerit'),(75,'Steven Walls','9114364913','9513207653','2047939244','Ap #341-4708 Metus St.','ante dictum','nascetur ridiculus mus.'),(76,'Avram Gibson','9801707270','9066817961','2074228169','P.O. Box 634, 7479 Porttitor St.','risus a','pede ac urna.'),(77,'Derek Bridges','9560959926','9937158455','2004807359','469-1807 Sit St.','nec, leo.','tellus, imperdiet non,'),(78,'Serena Shelton','9649456653','9481031964','2030101147','436-9173 Amet, Av.','rhoncus. Donec','varius orci, in'),(79,'Rosalyn Hinton','9608298944','9060564822','2066756621','P.O. Box 246, 959 Ad Rd.','nibh sit','consequat nec, mollis'),(80,'Asher Gross','9566410907','9593120649','2093914281','Ap #800-8526 Vestibulum Ave','diam vel','ipsum. Donec sollicitudin'),(81,'Ferdinand Emerson','9143619474','9162475001','2010048190','P.O. Box 946, 9729 Pellentesque Rd.','sem magna','Quisque nonummy ipsum'),(82,'Addison Norton','9990290829','9818938731','2051809306','2118 Enim Rd.','fringilla. Donec','hendrerit neque. In'),(83,'Zephania Dickson','9915312727','9675693588','2020086904','6576 Id St.','neque. Morbi','quam, elementum at,'),(84,'Jenette Quinn','9491518612','9806406776','2032073624','291-1953 Ac Street','sit amet,','Etiam laoreet, libero'),(85,'Scott Mcintyre','9727142945','9172223192','2021270235','8128 Commodo St.','Vestibulum accumsan','amet nulla. Donec'),(86,'Malcolm Foley','9715085995','9105595846','2069938857','P.O. Box 283, 8823 Amet, St.','rhoncus. Donec','Sed neque. Sed'),(87,'Yvette Walker','9398678317','9561879202','2006677935','P.O. Box 219, 2284 Ullamcorper St.','Cras eget','sapien. Cras dolor'),(88,'Lois Irwin','9106456924','9947425801','2080925156','1082 Risus. Ave','nec, malesuada','malesuada augue ut'),(89,'Bradley Salas','9373502609','9721591030','2032451914','P.O. Box 368, 4690 Nunc St.','Phasellus fermentum','malesuada fames ac'),(90,'Tanisha Bruce','9309383209','9955214552','2016065744','139-4807 Hymenaeos. Road','cursus. Integer','vel turpis. Aliquam'),(91,'Arthur Wall','9340606261','9046618142','2038179822','626 Dolor St.','Duis gravida.','Duis sit amet'),(92,'Lunea Livingston','9576670250','9598342166','2012451235','P.O. Box 605, 5659 Euismod St.','lorem. Donec','ligula consectetuer rhoncus.'),(93,'Armand Robles','9642193555','9438728186','2006097521','Ap #943-9258 Purus. St.','dictum eu,','Vivamus euismod urna.'),(94,'Melissa Ramos','9750642993','9019954956','2031215680','9609 Eu Av.','ut lacus.','mi tempor lorem,'),(95,'Yael Ruiz','9673338543','9679252327','2032637723','Ap #752-6687 Erat. Road','faucibus orci','et magnis dis'),(96,'Sarah Potter','9458451013','9653089617','2049301984','823-7067 Neque Avenue','metus facilisis','montes, nascetur ridiculus'),(97,'Cassidy Schwartz','9962737590','9611526374','2008792369','P.O. Box 369, 2121 Nisi. Rd.','eget ipsum.','tincidunt tempus risus.'),(98,'September Goff','9262455056','9149781299','2077977727','1714 Curabitur Avenue','tristique pharetra.','ultrices posuere cubilia'),(99,'Amy Haley','9990052300','9280127841','2085724833','2924 Non Av.','interdum. Nunc','adipiscing elit. Aliquam'),(100,'Winter Jacobs','9541655554','9037737613','2046894943','Ap #596-2089 Sed Street','Mauris eu','ultricies adipiscing, enim'),(102,'Girish Bapat','9822846163','7972262351','020-25385028','Warje Pune','Ek pay sodleli','Repeted customer');

INSERT INTO `booking` (`id`, `booking_date`, `customer_id`, `idol_id`, `payment_mode`, `booking_amt`, `balance_amt`, `discount_amt`, `total_amt`, `status`, `reason`, `location`, `shipment_date`, `user_id`, `comments`) VALUES (1,'2019-11-17 12:33:40',1,1,'PAYTM',100.00,100.00,0.00,200.00,'BOOKED','BOOKED','A2',NULL,1,'TEST'),(2,'2019-12-18 10:33:40',2,2,'PAYTM',1001.00,999.00,0.00,2000.00,'BOOKED','booked-2','A3',NULL,1,'test 2\n'),(3,'2019-12-20 18:30:40',2,2,'CASH',1.00,999.00,0.00,1000.00,'BOOKED','booked-3','B3',NULL,2,'test 2\n'),(4,'2020-01-10 13:33:40',3,3,'PAYTM',1.00,999.00,0.00,1000.00,'BOOKED','booked-3','B3',NULL,2,'test 2\n'),(5,'2020-01-11 20:30:40',4,5,'CASH',1.00,999.00,0.00,1000.00,'BOOKED','booked-3','B3',NULL,3,'test 2\n'),(6,'2020-01-19 13:33:40',5,10,'CASH',1.00,999.00,0.00,1000.00,'BOOKED','booked-5','B3',NULL,3,'test 2\n'),(7,'2020-01-30 09:49:41',6,22,'CASH',100.00,1700.00,0.00,1800.00,'BOOKED',NULL,NULL,NULL,1,NULL),(8,'2020-02-02 11:51:43',10,15,'CASH',100.00,1461.00,0.00,1561.00,'BOOKED',NULL,NULL,NULL,1,NULL),(9,'2020-02-03 17:11:02',12,10,'CASH',100.00,2000.00,0.00,2100.00,'BOOKED',NULL,NULL,NULL,1,NULL),(10,'2020-02-04 11:17:11',13,12,'CASH',1000.00,751.00,0.00,1751.00,'BOOKED',NULL,NULL,NULL,1,NULL),(11,'2020-02-04 18:31:31',14,13,'CASH',1000.00,1100.00,0.00,2100.00,'BOOKED',NULL,NULL,NULL,1,NULL);

INSERT INTO `daily_booking` (`id`, `booking_id`,`booking_date`, `customer_id`, `idol_id`, `payment_mode`, `booking_amt`, `balance_amt`, `discount_amt`, `total_amt`, `status`, `reason`, `location`, `shipment_date`, `user_id`, `comments`) VALUES (1,1,'2019-11-17 12:33:40',1,1,'PAYTM',100.00,100.00,0.00,200.00,'BOOKED','BOOKED','A2',NULL,1,'TEST'),(2,2,'2019-12-18 10:33:40',2,2,'PAYTM',1001.00,999.00,0.00,2000.00,'BOOKED','booked-2','A3',NULL,1,'test 2\n'),(3,3,'2019-12-20 18:30:40',2,2,'CASH',1.00,999.00,0.00,1000.00,'BOOKED','booked-3','B3',NULL,2,'test 2\n'),(4,4,'2020-01-10 13:33:40',3,3,'PAYTM',1.00,999.00,0.00,1000.00,'BOOKED','booked-3','B3',NULL,2,'test 2\n'),(5,5,'2020-01-11 20:30:40',4,5,'CASH',1.00,999.00,0.00,1000.00,'BOOKED','booked-3','B3',NULL,3,'test 2\n'),(6,6,'2020-01-19 13:33:40',5,10,'CASH',1.00,999.00,0.00,1000.00,'BOOKED','booked-5','B3',NULL,3,'test 2\n'),(7,7,'2020-01-30 09:49:41',6,22,'CASH',100.00,1700.00,0.00,1800.00,'BOOKED',NULL,NULL,NULL,1,NULL),(8,8,'2020-02-02 11:51:43',10,15,'CASH',100.00,1461.00,0.00,1561.00,'BOOKED',NULL,NULL,NULL,1,NULL),(9,9,'2020-02-03 17:11:02',12,10,'CASH',100.00,2000.00,0.00,2100.00,'BOOKED',NULL,NULL,NULL,1,NULL),(10,10,'2020-02-04 11:17:11',13,12,'CASH',1000.00,751.00,0.00,1751.00,'BOOKED',NULL,NULL,NULL,1,NULL),(11,11,'2020-02-04 18:31:31',14,13,'CASH',1000.00,1100.00,0.00,2100.00,'BOOKED',NULL,NULL,NULL,1,NULL);
